{
  "mean": [
    1435.8039225103253,
    137.11540940294338,
    0.2743004076998478,
    1,
    1.744387676110853,
    4.604582752748104
  ],
  "std": [
    815.937680308113,
    26.2105837593012,
    0.07332696855051235,
    1,
    2.263365538737086,
    1.213969561341687
  ]
}